265e5551-7fc3-40d4-b4e5-18e15b1f714b;5;;;;
265f3b20-d426-4bcc-b46d-375b0e920532;5;;;;
26614192-7d2d-4518-b315-c0ca74014461;5;;;;
266580c7-5f96-428b-bfc9-1749a490cf35;5;;;;
26670455-d46e-4a03-9e70-1560992ff04f;;;;;
26711b60-a685-4abc-a7ff-aad89cba5bbe;5;;;;
267124ed-25a5-41d5-a937-88208b5708e1;;;;;
267843f3-5e52-4b7a-b3e8-42584d45b377;;;;;
267aa45a-2af2-4aee-a1aa-2346a3db6dbd;;;;;
267f738a-03bd-4f38-b090-7eef2588096d;;;;;
26806e49-94ac-4988-aab2-858f99cc0037;;;;;
2684511f-a405-45c2-93de-0b487e7bad78;5;;;;
269c6d55-d324-43c2-bf4e-68555016a540;;;;;
26a65d37-9fb6-4eeb-b7e8-7a75ecde1f01;;;;;
26a6d8fb-4b43-43cb-bd3d-1c28f1ffb89b;5;;;;
26b46213-6e25-470e-8be8-edab33511ba4;;;;;
26b6bf01-ad35-455a-96a2-7654d26c6c4a;5;;;;
26bb0e73-be53-46e8-80e8-221eaf212f3f;;;;;
26cd044e-64e0-4dcb-ac2a-f68b84c6d205;;;;;
26d1ea7e-54c3-4c39-be1c-606844119c8b;5;;;;
26e39d7e-ba66-44af-8346-23e806e8e97b;;;;;
26e57fb4-612d-4abe-85d0-0ebd3dd36056;;;;;
26e5a89d-bb23-4827-b9c8-7bf26aff86cb;5;;;;
270a7373-5639-4c05-a2a3-de21c36aed52;;;;;
270d5a3d-a530-4c61-b692-1cc68299c5cd;;;;;
2713dbfc-b6b6-4c89-9ab4-119ae393b843;;;;;
271a5c8d-cb05-49d9-9518-a13adc673e0d;;;;;
2721dbac-4220-43e0-a242-6ef95c83fa46;;;;;
272333a8-169a-4e80-b7b2-ecc45e48cb5d;;;;;
272ae6a3-e61b-443c-bafd-5ff9cc074b6b;;;;;
272de8cf-8eff-4a19-9a59-fa8e9db2d08a;4;;;;
273bf79d-2e4b-42b5-a2bc-6983bde6e156;;;;;
273c1e68-c492-4a5c-8582-837e021c8bd9;;;;;
27420ea3-adb8-4c93-bcb0-9dd4974e0d2a;5;;;;
2743134b-11bc-48fa-bd24-c51f3ce3547e;5;;;;
27476f40-d312-4f38-b806-3063d432fe79;;;;;
27480060-d048-44a5-8d75-4125922c08d6;;;;;
27539245-91b0-4f28-8346-08a4fd9ea1d1;5;;;;
275bbbe8-f377-4ee4-8b95-3f83375a1523;;;;;
276507d1-749c-4c9d-8e43-0104e2108a2d;;;;;
2765391b-0288-46aa-b9d0-1095174c070f;5;;;;
2768d8b1-4fd1-45d9-8648-db73684a0cfc;5;;;;
276d0fa8-5cd1-47aa-a5a8-b63308e9374b;;;;;
276ddc91-fcf7-49e9-b580-ff7db95beed5;5;;;;
2770f85b-f67c-47ef-83dd-3e00d1f4c053;;;;;
277c8acb-985b-4a2e-b223-4df544b9574e;;;;;
277c9f8e-a065-4f4f-8de9-fd11c631f94c;;;;;
2780375e-4f17-4f37-ae7a-414f24793802;;;;;
27918613-b6ee-4c15-b824-ac435cd08c5f;5;;;;
27953e5b-e17e-474e-ad9e-c02e79f39ac8;;;;;
27960b80-0808-43d3-9cb0-a2a26b2be325;5;;;;
2798a274-3b92-4779-9f02-4f9235821136;;;;;
279c2353-1d65-488b-9342-0f7efa5d393b;;;;;
279da2c4-466f-4e04-9d42-fd0422164d71;5;;;;
279dabdc-7ee9-402f-abc3-bca8d85a6aea;;;;;
279f23cd-e723-4dbf-9fed-40d6baa0f2a3;5;;;;
27a43e82-b24c-4f8a-b2ed-60cf59d7e85b;;;;;
27a834df-a23f-4e78-9551-46da23d9d45d;5;;;;
27b41e0b-8cd6-4539-94de-e4d807a1f809;;;;;
27bd16bf-a6f3-4ee0-82a3-10e5b28de3ae;;;;;
27c462b8-7688-4318-9d8b-88964404072b;;;;;
27d06faa-628f-476f-9e03-26dcc9f7f78c;4;;;;
27d7889d-7f48-46b1-b94f-cc3c565e3555;;;;;
27df670a-05aa-4634-978e-3443d58a69a5;5;;;;
27e392db-1a83-4efe-a555-587d023567a7;;;;;
27e580df-ced4-4d25-9ce2-ef93dc98b1a9;5;;;;
27e68b2b-9682-493e-8bcd-d1c6fd8f6372;;;;;
27f2151a-4abd-454b-a961-a7d6753bfbc7;;;;;
27f93d9e-307b-45aa-bf3d-3499e4903de5;5;;;;
2802ce42-0050-4e0b-8d28-d9abddbdfbfb;;;;;
28132279-d5fb-4440-a6b1-7f194df8fcc5;5;;;;
2814f880-f21f-480d-9baf-641ddda3399f;5;;;;
28150b23-60ff-4653-844a-21f73383b880;;;;;
28173569-0303-4c45-ace6-198660588248;;;;;
28183349-d563-4780-8ff0-8b96a4ca6509;;;;;
281a5265-5ab0-4f59-b06a-e07e34fead1a;;;;;
281b528d-bc44-4697-be8a-4380b6326ce8;;;;;
281e36a9-8f64-48c5-8cdb-d7cbd18bde9a;;;;;
28271ed3-4cf4-4770-9add-4e1b4536f885;;;;;
282cf876-684f-4d20-919d-a8be1a4d6b4e;;;;;
282f055d-33b3-4aa8-a213-17f71e5dd564;;;;;
282f0b77-e738-45d7-8a74-9445e8a61daa;;;;;
2837a49e-7e29-41c5-af97-5b983e5b6ce9;5;;;;
284796cc-98af-4e9c-b4ac-526c4f3fc10d;;;;;
28499220-5864-4dc5-be73-c2c55fbcd8e5;5;;;;
28570dfc-c199-49ad-9e74-42101f7e56ca;;;;;
285fdebe-ab2a-4052-a29c-fb2a45ea535b;1;;;;
28626bdc-5de3-45d8-9841-9894b0ac8240;;;;;
2865d0e9-d888-4ba8-b1d6-28485ece9ead;;;;;
286ae434-e4bc-4a92-821c-f3752518082e;5;;;;
286d4e87-b3af-468f-99dd-727248fc3342;5;;;;
286dc355-78b4-49f2-bb0a-7d319334148b;5;;;;
2877722e-4082-4ada-8d83-12bd7228ddf6;5;;;;
287f7175-f271-4565-b5f7-0cae3d6af36c;;;;;
28824c82-9065-43ba-9b1c-0a231fe14872;;;;;
2884db68-254b-4ea5-b84d-869c7cf97d81;;;;;
288d1395-e7d5-4421-a6a5-6706367125d5;;;;;
28908ab9-be17-4170-9159-f4b59e120045;;;;;
28a180ff-22ac-47d7-8169-d771282ff215;;;;;
28a42ced-ffe9-4708-86c9-789ff9e3e155;4;;;;
28a87f6b-96d1-493e-8dd3-bd051ea11a5c;;;;;
28b1954b-9795-4654-bf97-f78b4b72e8d9;;;;;
28bc0a88-31c2-4fee-8a21-c484b2a9d248;;;;;
28c09b60-e287-47d5-a869-5646d0a00653;;;;;
28ca0498-7719-4dd0-8986-9e92e3034eab;;;;;
28ca44b8-1fb8-4cb4-bde0-385b4c6e3dc2;5;;;;
28d0657d-d1fe-4fe9-9ea6-21359c604bae;;;;;
28d8fff3-c31e-4981-8a5c-7a77f4ae74cf;;;;;
28e1b976-a8a2-4332-8f5a-19f6430a3cac;5;;;;
28e24c9a-2d95-4ffa-8d4a-22cd9701089b;;;;;
28e38e69-dcd2-4d1d-af54-9f1ce8ee2433;;;;;
28e82e82-4231-4e1b-97e1-d1bc6a5a9a97;;;;;
28e8b791-1196-4168-9d03-b31b0380bd56;;;;;
28edafa7-9041-4398-82f4-942bb498648a;5;;;;
28f756ba-f5c2-4e67-ba43-2677ceaf9e4f;;;;;
28f8d001-a79a-4268-a0b9-54135dad9b38;5;;;;
28ffa92f-2203-4960-886e-9b40abac5bd2;1;;;;
2902e694-91a5-432b-aea7-ce0aec992425;;;;;
290a880e-612e-46fb-bd81-d38eb8635ea1;5;;;;
29158756-24e5-4afa-af8c-9e826c994b8d;;;;;
291fd661-ef4d-4d91-bd5d-908052c9f852;;;;;
29201d9a-a5ec-47c4-8a53-e467eae955d0;;;;;
29208d2a-d86c-426d-969c-65a32f9dfb5b;5;;;;
2927169b-4ca9-43e1-967e-1ac11228e6a7;5;;;;
292998dc-ca55-4266-bbbb-e60bcb9c836c;5;;;;
292edade-7252-43b3-bf62-c5af08b17f8d;;;;;
294fb140-3893-416a-8c1e-a97bb5c29ec3;;;;;
29501148-fe9d-4dcc-88f6-27d68fb36788;5;;;;
29507d67-c550-498c-94e1-6cf3e43dd659;;;;;
295a05c8-ca15-4180-91f0-b8f1a4880df6;;;;;
2961edaa-67f8-4584-84fd-31715c582f5d;;;;;
2965c47a-7fa1-4626-8a4c-5ca955a35da3;5;;;;
296b8c09-e79a-4268-9c73-adbea2021419;5;;;;
296fcdb1-a335-4339-a43b-878b6f4de41f;5;;;;
29777a32-d615-4c22-9e7e-4c7cf4d218fa;;;;;
29844879-3a54-46f0-9399-462d9aeea1bc;;;;;
2985ca75-93c8-4bf7-8f57-261a6e663309;5;;;;
2986c615-08e7-4498-88e1-fba1a6a9b0a8;;;;;
2988e1b4-cfd4-4ef9-a449-bd6f2105048f;;;;;
29a13fd8-8329-40ed-acf2-b217ea3ae018;;;;;
29a3f1cf-8737-49a7-88eb-413ca142fa01;;;;;
29a8d456-adfe-4936-b250-c4c7f348bdb3;;;;;
29ab4a97-c1a9-4a85-9c08-d16f3a651629;;;;;
29abe452-006b-4674-aaf4-dee9e4254aeb;;;;;
29ae2099-0c5c-4b68-8a58-9f25e64d425b;5;;;;
29befc9f-fa67-4ec6-b663-f93624086b97;5;;;;
29c07945-5559-4738-a536-74e4df73e699;;;;;
29c6bb8b-9b5b-420e-8509-e30faa559a68;5;;;;
29cb64bc-8ce8-49a8-a1b3-299c4b56467e;5;;;;
29dc1f3b-b577-499e-9e1f-f4af31df8bf6;;;;;
29efeea4-ce1d-4b27-8fb9-f731814b9a92;;;;;
29f03aa2-44da-4b52-8f04-a926f1b27167;;;;;
29f1b2c7-2187-40b0-8aa3-64cd5dbba4b0;;;;;
29fef21b-62dd-4fce-b71b-7cfa418900dd;;;;;
29ff68ed-faa0-45d9-af8d-50c31b223f24;;;;;
2a12164a-5e2b-4004-82a6-798173b37e53;;;;;
2a2038bf-f7d9-4a41-ac02-6e54d2938e8b;5;;;;
2a37fbab-dd95-457d-8106-d4d6a38f1def;;;;;
2a656968-a75c-43c9-bab2-d9bfeb0958ca;;;;;
2a6a73bf-fa61-46ec-a9d3-d001e716b118;;;;;
2a6a8508-57a1-464d-a575-f20e69080df7;;;;;
2a6e3058-9743-40ce-8392-72e43ae2bfcd;;;;;
2a75c269-5ed2-4c59-bb64-704f073f1bf9;;;;;
2a76477d-4cc2-48ac-8f3c-5b767fb23442;;;;;
2a79d741-74ff-4c4d-a630-ca0aafd8887e;5;;;;
2a7ca2a3-d020-41f9-b0d0-32a61d9aa5a3;5;;;;
2a822cb8-00ca-4b76-a692-ba34bfa41305;5;;;;
2a86f2c4-9ccf-4539-94e4-520d6a51d096;;;;;
2a87594e-2812-4b32-b301-92027305fc45;;;;;
2a95062f-7c1a-42b1-a837-ea1f5b6dec9f;;;;;
2aa53226-e94e-4f50-884f-07c60114ef92;;;;;
2aa655d7-9a88-4c15-9eac-da4655d72bc6;;;;;
2aae7182-c005-490b-87b5-30977cc95447;5;;;;
2aaedb50-fb8e-4a05-b900-59400d4c807c;5;;;;
2ab00c6b-4ddd-49e7-9552-a3e3d00cabd8;;;;;
2ab2f23c-5ce3-4e3b-8c3c-ad00a7f9d550;5;;;;
2abbf486-471b-4512-8217-f74e445982db;4;;;;
2ac07d2e-f675-4975-85a8-e9e554f15b9e;;;;;
2ac1f65a-1492-4afc-b22e-fac2554c4af6;5;;;;
2acb5201-99fd-4be3-bdd9-1595762892e5;;;;;
2acb5955-3da3-48b5-9525-2f4f9668e6cf;;;;;
2ad1af22-441b-482f-a94f-6fdbbcf4e11b;;;;;
2ad586e0-c098-4f0d-bd3f-c5fe4e3aecc8;;;;;
2aee0add-533c-470e-9367-b54522220117;;;;;
2af6b27e-654d-4053-b855-8f804301715a;;;;;
2b006f72-3bc7-44a7-8ce8-aef6939b8d5d;;;;;
2b007a88-7086-4fdf-8a08-db5805a7e856;;;;;
2b00c8dd-67d4-42c6-8e9a-cd1d7e5ddf42;;;;;
2b039fcb-a7a0-47d4-8571-3cff06749302;;;;;
2b0bf061-84a1-400b-a861-ae301e3d7791;;;;;
2b0ee93a-1e06-44a3-97f2-0310a3a1a7b6;1;;;;
2b1725b2-bb32-4912-b9e8-60cd11d86f94;5;;;;
2b1b9a3a-0d71-4ca1-a1d4-6ffbf4dd35ef;;;;;
2b294769-e9dc-4261-81a1-e54e1483666e;;;;;
2b36b460-b943-445e-bd06-2354bef42905;5;;;;
2b3edd9a-506b-418d-9a0b-91aa9a097ef1;;;;;
2b43f9ca-1057-4cdf-afed-27f61c95881d;5;;;;
2b470099-ddfb-4811-b8f1-4ed8ef4802f6;;;;;
2b4a1ae3-e3f0-4528-9677-962ac429cc7d;;;;;
2b5663dc-b0e0-4775-ad65-cae394fef3fe;;;;;
2b5a3695-88fe-4b79-9d7e-dc82a0ffee6b;5;;;;
2b6d6b7c-18b3-47ab-97f8-5cc25111c9c2;5;;;;
2b71b30f-cb00-40c7-8aee-5e3f26ab1fa9;;;;;
2b78992f-3594-46d8-a640-1805983db18c;5;;;;
2b793cc4-c73e-44db-ae2a-791b036ef664;4;;;;
2b7b6bf2-03e1-435a-9d60-5c8fd3c483bb;5;;;;
2b7bc867-104e-4b93-b2f6-9993ba2dd8c2;;;;;
2b7c1192-1dc7-4bd9-97be-400874e2077a;;;;;
2b7fc644-9411-41e4-abc9-734be995263b;;;;;
2b8a0aa6-0073-4332-8fec-508bf67b8767;2;;;;
2b8be400-213c-445b-953e-0482288b4923;5;;;;
2b9cbd1e-8493-4119-ad35-ee4f7d06d5ef;;;;;
2ba02e3f-6568-4dc1-bc4a-dd6664f36a76;;;;;
2bb7b4ec-984d-4126-b5e3-51a8d9cdcea8;;;;;
2bbc698a-0f19-4f3f-b373-1912189fdb9b;;;;;
2bc149bd-c70d-4426-a238-d8fc57ad4ff0;5;;;;
2bc8a919-17f4-4ab0-b422-f9aa04760070;5;;;;
2bc8e479-2701-4042-8a17-335cd4b43ffb;1;;;;
2bc97a47-8f8f-4d18-9700-e4608c33fce1;;;;;
2bcc2132-9ddf-4d48-8a82-c21683f892b9;;;;;
2bcd281f-ac61-4294-959c-a90737eb345e;;;;;
2bd8b92e-16fc-4b45-92d1-27ff8b198ad8;5;;;;
2bddb538-9f44-41ca-ba3a-d8adbe743e17;;;;;
2be0ceae-bbc4-489d-a689-5b55be96cbaf;;;;;
2be14e09-12cb-409b-b75f-d6ad1934dc0b;;;;;
2be56ae9-e081-4504-a416-87446bff0dd5;;;;;
2be7aaaa-c172-459a-be6b-ecfe0d680f5b;;;;;
2bf1e70e-de7e-4fe4-807f-db88d55a4e44;;;;;
2bf1ea7b-2321-4195-81a9-f524813acc3d;;;;;
2c080744-87d0-49b1-b2a9-a7daaa56a48a;5;;;;
2c086428-145d-451a-a945-a312074e5c48;;;;;
2c0c1843-111e-4965-9157-def4ff03fbbd;;;;;
2c22d9b8-751d-472b-a48a-7dba4944da5c;;;;;
2c27ef95-7fd1-472a-8fdb-1fac5ad498c4;;;;;
2c2b5bcc-7db6-4085-a0c4-34d8cc99fe97;;;;;
2c2b7756-dd1c-4da4-8373-8c250d7406ab;5;;;;
2c2e07db-39f0-425a-b526-4a273852b68b;;;;;
2c3620aa-9178-45e6-846e-002bf3076ec2;;;;;
2c3a9975-3cca-4fc1-b9a7-116907c42cf0;5;;;;
2c502f9b-4f5e-4447-b125-4ee1dadcd384;;;;;
2c56fc9a-c135-452f-bd4c-0a30be480e1b;;;;;
2c5a9669-6ff4-4171-9180-9d5096efe4dc;;;;;
2c5c098a-fc8e-403b-ac98-d04725f4289e;5;;;;
2c642451-7596-4eca-aeaa-1e2882d5a86f;;;;;
2c77a2ad-b47c-4a88-a271-415aa41363b2;;;;;
2c85caaa-cec4-4fd6-baad-47a77ff9db9c;;;;;
2c89a7e5-e0c3-435c-ac48-4ce392fc1369;;;;;
2c8baa01-4b82-4b10-8f16-29ed65a6adc3;;;;;
2c8f0201-04c2-4cbf-ba67-02db27600c7a;;;;;
2c969637-f7f4-490c-8554-5f748c4e4f1e;;;;;
2c9d1452-3a41-4bef-98c7-139404d6acaf;;;;;
2ca234d7-835c-487d-8ae6-07d9f9a9c070;;;;;
2ca33a2a-ab95-469b-b0c7-139564891653;;;;;
2ca6ecd6-2573-4815-a47f-0dca1b04b731;;;;;
2cac2a3b-d653-4edb-b89a-24c2c7a4e223;;;;;
2caca43f-f128-4e61-9b90-b6da6c2d25a1;;;;;
2cc57323-cd8c-4133-8126-8ffe3fc26e88;;;;;
2ce0563a-bb3c-4a09-b09e-0535837031e2;;;;;
2ceb4596-97e1-49c1-920d-5b73f1b8d7ad;;;;;
2cf0ce16-f0cf-4a22-8337-1e46a82950bc;;;;;
2cf95d04-7b75-4c5d-94d6-71d6af3e0b36;;;;;
2d057ad8-12cc-45e9-a72e-bc40d7bf6bed;;;;;
2d086d7e-3e47-450d-83c3-7947519215d6;;;;;
2d0f29a8-69a9-4428-85ea-981ef28521c5;;;;;
2d1c04d4-29b2-4e80-b7cd-cbb6db9d46fa;5;;;;
2d215a28-b299-45e0-bc5a-352d447aba91;;;;;
2d2520b0-e90c-4c74-897c-d0ae0d503cd4;;;;;
2d359216-833a-4046-b09e-cb39aedb8ac1;3;;;;
2d417314-9bba-4fdc-8bfa-bac6d3133148;;;;;
2d5c392c-369f-4072-b2dd-f1d0b27045b8;;;;;
2d6db995-e1bc-47bc-9819-0509e3fc4704;;;;;
2d72d5b9-8f5a-438a-a36a-6aeb0e05f754;;;;;
2d777c1d-a276-438d-82bf-dfcc20f9ff15;;;;;
2d7de2a9-de04-436f-857b-f3a70e36bc3b;;;;;
2d9085e2-4e33-446f-8501-855b1d062f3e;;;;;
2d99e223-8490-4e27-9a36-7ed5b8692cbf;5;;;;
2da8c8f5-45d5-416d-96ac-89ca252ac554;5;;;;
2dbd7239-0d10-4a8d-a382-9ad3f38808fa;;;;;
2dc0170b-120f-4abe-8e1e-b4b6c5d4f1e0;;;;;
2dc5d340-bded-4c4c-a757-78667064f406;;;;;
2dca52dd-40d4-421e-8a34-e456e47efa2f;;;;;
2dca87fd-9cb5-4e44-b4d0-0ec302fcb25e;;;;;
2dcd3c37-b963-4995-ba1d-8e4eed2b31df;;;;;
2ddb141e-2cc9-48f4-a61d-66a56cd879be;5;;;;
2dea7cd1-a42c-49c0-94a4-c7bc56f66638;;;;;
2debc4a2-a515-4a61-8fc8-f6120d86f42f;;;;;
2def7ac5-44de-440f-a505-d3df34d1266e;;;;;
2df43231-b0e7-4f03-89e4-688b5d59be64;5;;;;
2df4dc09-7356-4e27-a983-2e84617191f9;5;;;;
2df976be-e932-4ac8-9c07-032565b303a6;;;;;
2dfcef6b-3c9f-438a-b6e8-d3aedbcda853;;;;;
2e0f85a4-8d5f-4db7-8b18-963c0e8c0f2c;5;;;;
2e10b10c-0ebb-41c9-b4f7-9bb9f7489f22;;;;;
2e21c67f-3a43-4daa-81df-382d2f82e698;;;;;
2e24deb7-152e-4031-be2a-83f7b38012c2;;;;;
2e26a95a-3a1a-46c3-94bb-4e8d84681767;;;;;
2e26e436-6efd-4c6c-997e-b535ee79aa8e;;;;;
2e270f42-21c0-4840-85ca-126baf7aaf50;5;;;;
2e2c4258-e1e7-4d61-8253-7818ee9c472b;;;;;
2e33c5b3-00ec-4176-bbc5-ff15dde6b17b;;;;;
2e33ff4e-71eb-46bf-aaa3-83cbe45f23b7;;;;;
2e3eff90-fe7d-4532-8600-dd262a69656f;5;;;;
2e4247fe-4b16-40b0-aa3b-e5480ca2739a;;;;;
2e42bdfd-6009-4232-806e-b119decaba66;5;;;;
2e457c57-2a60-40dd-b42f-0870d35d3f6a;;;;;
2e4c5f35-2134-41fa-a6ce-250ee762a2ea;;;;;
2e4cb24d-8022-4a3e-8e15-683e4765abc0;;;;;
2e4f3cd2-35fd-4403-a261-bdcc3845c3ae;;;;;
2e580e0d-6f06-4a9c-91a6-e7e44cdb2e1a;;;;;
2e59eae1-b85a-4d3c-a1b8-39984b534d9e;;;;;
2e5ac4e2-8a76-4699-949f-083064995e79;;;;;
2e61ce0d-0661-4c6d-97cd-17dbb3a84f77;;;;;
2e63c84f-6c1f-4a15-a2b2-4a0aa2cfab4c;;;;;
2e65ad7c-5a9b-4da0-950a-6179ea9bc55b;;;;;
2e6a7fbc-c481-45b3-bc18-4eae743b3c2c;4;;;;
2e6abfed-ecdc-40a6-a1f9-bfac52db1d42;;;;;
2e6cf4e3-0e08-472e-a3b3-61213c400dd6;;;;;
2e6f2b0e-2893-486c-8d0c-65c88b475b23;;;;;
2e6f3a9a-b361-479a-b323-57552adb0421;;;;;
2e6fcd52-29ce-4f01-9368-46a9685f6d87;;;;;
2e71d711-0c18-4a3d-904c-9831f25af970;5;;;;
2e752134-78ab-4aca-8704-a5b7fce3bf59;;;;;
2e793015-fd01-4131-a6fb-9ea8606ee3f6;;;;;
2e7acd3c-a4d4-40e4-9637-16065f7fecd0;;;;;
2e7fee9e-1140-4def-b833-81d1dcc09795;;;;;
2e85fe59-490b-4aa3-9040-2effb3ebfafd;;;;;
2e8a1ccb-4610-4e64-890f-c1f6f65f8585;;;;;
2ea70c24-5760-4236-b12c-e6bebafdab66;;;;;
2ea8ad9e-1dac-4d89-a17a-4f2c90b20a22;;;;;
2eaa7fe7-8fae-4764-bfa3-ac29bb1804e7;;;;;
2eaabcb9-c8a8-43c4-825f-bfc08e7749c1;;;;;
2eb29a58-7ce7-41c6-8f40-2ab2d1e0a2c9;4;;;;
2eb2b7a5-9070-4046-849c-945fe7bb53b3;;;;;
2eb52d03-defe-45f7-84dd-bfeef12bc6ad;;;;;
2eb7832b-8de0-449d-84f9-f4c6e6e86ace;5;;;;
2ec30b39-04d2-4f14-a11a-c210fdd71d82;;;;;
2ec3ad88-04c3-4541-9f82-7297bcd85fa4;;;;;
2ec9c486-2708-4a9d-acb1-bc1d2187aadd;;;;;
2ecdf802-45ca-4fd9-9b1c-ed5a942fb684;;;;;
2ed12e1f-3ecb-4bd9-a61f-9b1b9edaa0bb;2;;;;
2ef0b6bc-6e9a-463e-8f59-47d360cc72e6;;;;;
2ef630f0-69dc-4f8f-b38b-ba18df7b96af;5;;;;
2f01ce40-a617-466d-80de-f9a7bacd85c2;;;;;
2f068677-75a9-4607-a6c3-86c762e3fa63;;;;;
2f16feb3-d0be-4fb7-9fe9-e6e0cc5c0649;;;;;
2f1c64be-8f5a-4f5b-ab2e-bc425893b7e2;5;;;;
2f1fd477-bc0d-47b1-991d-76f9cfb876ea;;;;;
2f2142cd-a15c-46ce-bbf9-562fd8efa278;;;;;
2f2ac41f-70f6-4b3c-95b4-ef50a82e01ce;;;;;
2f3a4b6c-4155-4887-b2c0-b93d8d80c0a7;;;;;
2f493222-dc8a-4deb-8f4a-00ea73b235ce;;;;;
2f514895-37e1-4606-a5da-0bc6cb1ca4af;5;;;;
2f51cbd9-00a4-4957-ac3c-0f32d23049b9;5;;;;
2f52a77a-6eea-4799-b39c-c98b588c5172;;;;;
2f59d20f-2a5a-47cc-96de-171b9257bbc5;;;;;
2f5be97a-5150-493c-9462-1674fdf740f9;5;;;;
2f6a63b8-4189-42ec-ba08-54ab0effb1dd;5;;;;
2f7242c9-35db-49d5-99ca-0ac0434f5e3d;;;;;
2f77081b-150f-4228-9676-0a5e8f12e5b1;5;;;;
2f7a354c-827f-4700-a2ce-2ab20b236967;5;;;;
2f7d02f2-efac-4793-9237-e0fc9f1eaf9a;;;;;
2f81d8c7-5b85-4c6e-8023-d7eebad4ce16;;;;;
2f853677-eda8-4625-9174-d8452b0f46ce;;;;;
2f86df69-a6e7-4e72-a075-a34309c20422;;;;;
2f9604a1-8892-4008-92ad-150cdfec24ae;;;;;
2f98a276-ddf9-431a-b55d-ad6c44cca4f4;5;;;;
2f99dd5a-9ed6-4ca7-b688-327711c0d1c7;;;;;
2f9a0b66-c536-4730-b3ab-2c08a4f618d8;;;;;
2f9d978d-5b39-4533-aade-6654e66f7126;5;;;;
2f9ef16e-6216-4e5d-870e-de0644d8edce;5;;;;
2f9f6adf-98a8-4690-a5fa-0db2f0e9c11e;;;;;
2fa80a0a-9ebd-4e09-8e2c-51aadf1a357c;;;;;
2fa98a36-5f0e-43c0-9313-ce27e0d9349a;;;;;
2fac7ef6-e295-436b-98e6-2d7901d19aed;;;;;
2faec190-123b-4735-9ec6-c8f3dc881028;;;;;
2fbb7793-f089-415c-897d-b607b7fe1bf9;;;;;
2fbbe27e-ece0-44bb-8de1-021280f904d2;;;;;
2fc7afa9-2b3d-4401-bce9-e8d327b2753d;5;;;;
2fcc8e73-59e1-4adb-b99b-6de90eb2e28f;5;;;;
2fd003a6-5f51-42d1-901c-57ba7e10523f;5;;;;
2fd0f311-0c05-4f16-8fd4-10670cd121f2;;;;;
2fd2e8de-c129-490f-b222-0f7074f4e847;;;;;
2fd88285-c1f2-44dd-b2d1-f8f30be30479;;;;;
2fd8aff9-09b7-43bb-8881-48929eb9b5cc;;;;;
2fd93572-2e34-4019-b2ac-3be575bac62b;5;;;;
2fdcbde1-c39a-4fc1-a5d7-8eceeae186f2;;;;;
2fdf54b3-829c-499c-b5db-06ac2583ca55;;;;;
2fe21527-c1db-4fae-83a9-5158e56a6e55;;;;;
2fe9ca99-ff93-4b29-869c-5c188be8006a;;;;;
2feecd28-f090-496b-9d00-a041d03096c7;5;;;;
30011319-dbbd-4983-9147-1dcc7e3c5f70;5;;;;
300b1d11-19bf-4f7b-9f6c-f325cc8eecb7;;;;;
3012fe22-0c65-4fe6-b7c2-e49aa57306c0;;;;;
30136366-ed47-44ec-b87c-d0827b0911ce;;;;;
301775df-2676-455f-98d2-196fa395df8a;;;;;
3017ca73-d034-41d4-9ab0-d3a4cf1280bc;;;;;
301b1318-bdec-41ad-a285-f11a7832f14d;5;;;;
301c922d-2657-4cec-87dc-369a527c5a10;5;;;;
3027b134-36b5-446c-b53a-4cf77891908d;5;;;;
302d1b6c-3f16-450e-9fa2-a325f74e234e;3;;;;
303808a5-fe91-43d5-af77-3ca7aab8341c;;;;;
303e5065-32c5-4b8d-b74d-8365dd9c5ddf;5;;;;
30446dfd-d326-4221-84d9-6cf529281e66;;;;;
305866dd-21e5-4158-b64e-ed8dc33903d1;5;;;;
3060db64-4eed-411b-bf6f-6cb83d2dc4ad;;;;;
30650d17-ae0e-47f0-8967-6873f267e5fa;;;;;
30726753-70bf-4f07-ab5d-7f4981052018;;;;;
3078bcd5-7d66-468b-8b6b-3b3c0c8f83a4;;;;;
307c1f95-ca58-49ec-9e87-4cf39b6742a7;;;;;
3080887b-1993-4dc5-b7a7-85db98e300c7;;;;;
3080bff5-1963-42dc-9bcb-a5719c311364;;;;;
3085a8d9-8373-4bce-998e-f18b4332234a;5;;;;
3091ba81-8280-4bae-a51e-4456ecab2fdc;5;;;;
309a0896-1d2a-45b0-96ae-131fc9e7c13c;;;;;
30a787c0-d7f1-404b-8a86-7438c4c7cd28;5;;;;
30aceaf4-00ca-4bc0-8628-0ca549df3454;;;;;
30ae89a4-3744-4d1c-bcea-bf8f1a25596f;5;;;;
30b1b1ad-205f-42c9-a065-88adb61e9765;5;;;;
30bc39f4-eb05-4852-8da0-ded1ad669613;;;;;
30c6acfd-99ff-42a7-b7f6-50a455c69b45;;;;;
30c704eb-5370-4d79-a09f-cf02070064a3;;;;;
30caedad-a3ae-44b0-88b3-ffba042d439c;5;;;;
30cc0efa-e6e7-473f-b8f1-83069150f1d4;;;;;
30ce6c8f-d352-4c0e-8f39-f53b4c235925;5;;;;
30dde804-e1c4-41b3-8b31-0baef2812f99;5;;;;
30f01fb8-49e0-48ef-af5a-b21bebc36806;5;;;;
30fa376f-817e-4851-aa10-353c391fef17;5;;;;
30fd5229-e900-4833-b5b6-a541456a7a14;;;;;
3100a031-76bb-41f3-95ca-5be46fe20496;;;;;
3112b75d-9518-4c6f-920b-d503c5e4e104;5;;;;
311accf2-9b67-4166-8472-7972c80b82bd;1;;;;
311ba36b-0f93-4633-8100-3a408b6e6302;;;;;
312db04d-81fd-493b-ae0b-12daed9bb174;;;;;
312e5812-f989-471c-af04-67553b0082b1;;;;;
3134f553-9005-4eaf-8565-eded88dee3c3;;;;;
313b68c3-0482-49b1-938c-4d49cea83138;5;;;;
313d71d8-4079-45ad-bce1-b23d680d7506;;;;;
31412948-95a8-4f4b-935d-dc5bb6f81e20;;;;;
31459d5c-aed0-4511-b26c-50ab0bd631b5;;;;;
314cdcdc-ab58-4e5e-a307-71ff78e383dd;5;;;;
315289eb-b10a-48fd-a79f-25e41b4e7225;5;;;;
31608407-ce90-45f2-9135-7ba4756179bd;5;;;;
3162e887-a691-40d0-8834-58b8bec5d545;;;;;
316804ab-ae9f-4d79-b5e6-10098f1099e7;5;;;;
3168760e-049d-40f7-bd88-65c94c49065c;;;;;
316aef5c-3da7-4a53-948a-076c8454fe66;;;;;
31753c0e-8062-4638-af78-e04c34386546;;;;;
317948a6-45db-4389-aa0e-839c9d21b7a3;;;;;
317e92d2-866b-494c-b06b-d207f3d6e3f0;;;;;
31877973-8dc7-4410-b65b-57f6b5bd10ba;;;;;
3190bbc0-ae56-4508-908f-4cf87fae4015;;;;;
31930360-6c6b-472f-945a-4d9da9137d2a;;;;;
3195236a-ff92-41a4-8261-bde133136467;;;;;
31ac2e43-b90c-46a1-acf5-46e4438a328c;;;;;
31ac31a8-f6e8-46a6-97bd-cedf57a4fa7f;5;;;;
31adccd4-f913-4a5b-869d-a73c1a1ade68;;;;;
31ae3027-a760-4f5f-ba2d-6e1093595e0d;5;;;;
31aeeddf-2925-413c-a50d-83a02ea506a4;5;;;;
31c32fd7-9632-42ef-ad81-51bb133a1fd8;;;;;
31c448f5-28d0-43d9-997a-b821bd296978;5;;;;
31c7acbd-0777-4f35-9008-613b89b7ab18;5;;;;
31cf72c6-5ba1-4b0b-8e28-a7311c9c8cd1;5;;;;
31cfbf3c-4aac-44a9-a7d5-29613560d0f5;;;;;
31d7b097-2226-416c-813f-a5cea68f7bed;;;;;
31d8a216-6d3c-4c83-ab6f-8e259715e499;;;;;
31d94253-c3a5-4a42-b1a3-05976378faca;;;;;
31dec8b1-d97e-4826-bce5-46d2261bf213;;;;;
31e43e63-1291-4106-892c-6757712ba0fb;;;;;
31e5238d-52ef-48de-a309-0e75b78dff9e;5;;;;
31fd4c9f-08cb-4e68-bf4c-899df2b61bfb;;;;;
31fe22dc-b241-4e3c-8196-3669013bda55;;;;;
31ff78eb-1989-47e0-93b3-ec34dfa4e3ee;5;;;;
320b6232-a7d9-4e83-bd45-fb15b4e09e3c;;;;;
3216a27a-7023-471f-8d4a-5ee4091f163d;;;;;
321b3374-f347-440f-9072-4336d7d587c4;5;;;;
322b5487-be25-4675-9385-f568c693d94b;;;;;
3233bbd3-3364-496a-bb7a-0ec9ca0c3897;5;;;;
3235fdc7-122c-417c-9be4-cb6bc6fd4216;;;;;
323dc6b4-adb5-4be4-8af2-99ae7f0e8dea;;;;;
3255e388-8e65-480c-8f52-cc5fe7a10be0;;;;;
325795bf-5f67-4b10-94ff-41efac63cf1e;;;;;
32589183-dafd-4778-9617-cda00d59f48e;;;;;
325f5e22-a969-4dc5-986f-73727a995fa4;;;;;
3270279e-8696-436c-8799-e12c9b8a1ceb;5;;;;
3275b350-2b94-48f0-92a4-c55bbb2a1d51;;;;;
3279bd85-2b13-4931-b531-6e3c5c9292ca;;;;;
3281c5a5-e050-40a8-8e39-e89a1448c6fc;;;;;
32887278-0dfa-456e-af1a-46cb30c06d55;;;;;
3290e7f2-07e0-444e-9ade-e4331f92d93a;;;;;
3292c255-55d3-46ea-ba3b-1504c73d619d;;;;;
32996351-6c19-4342-a6c8-7246a814357d;;;;;
329a0075-9aa5-4f99-96d5-d3e2c2f44ac6;5;;;;
329e5d06-fa15-4bcc-a6ad-d88987a60ee8;;;;;
329e6086-61ff-43da-9f50-5ce5c334f0d8;;;;;
32c2ebaf-db7a-4d27-bcd2-ca6fe86ea672;5;;;;
32c3fcd6-767f-4d99-836c-1f5cb79e265b;5;;;;
32cb9b8b-09f4-4778-888b-dba267767f33;;;;;
32cdefa7-5a2d-47b9-bfdb-e21e3d459d3f;;;;;
32cfdb94-8be4-4afd-9521-816d54641ef4;;;;;
32d1ec0a-d28e-4b9e-bce9-06540ff68caa;5;;;;
32d5659c-9f63-4998-a858-33973f71c27d;;;;;
32d6b768-8b33-4903-9ecc-7343f9a88e98;;;;;
32dd1f4e-384f-4dd1-b506-a940f07b8771;;;;;
32e883bd-cfa2-4632-a73e-ce62c5bd55af;;;;;
32e96d19-c152-41d3-a922-f1f800b98676;;;;;
32efb35d-c90e-49ae-a355-30c7bef1fcc9;;;;;
32f2d3b7-8079-47c0-9b0a-bcb41c0e1d94;5;;;;
32f3adf4-ee15-493f-8d36-18d50ee3fe2e;5;;;;
32f5b791-ea5f-4339-a957-0eb5970986bc;5;;;;
32f7136f-aa97-4198-9435-d0eac49489c8;;;;;
32f8de4f-7181-424c-aeb2-81fc1027e2ed;;;;;
32fec89a-0347-47c8-b03c-74bc041bd5b7;;;;;
3300676c-7b98-417c-be6b-7e40241d6e10;;;;;
330314fe-2d5c-4aba-996b-1d0f02a951fa;;;;;
330a35d8-8732-465d-ba2f-28d95b351e71;5;;;;
330bca42-5059-48dc-a0c6-a310be90fe4f;;;;;
330d0df4-89a0-483f-8920-bce9f07c0730;;;;;
330dacc4-eba1-4c5b-80e2-7069db0e9b16;5;;;;
3315c357-8cda-4f54-be44-b0444ef44e03;;;;;
331c43a3-ebe9-4535-aee1-e5fa877cb857;;;;;
331d787d-daea-426d-b816-44176a39a9ef;;;;;
331e1557-d6c0-442d-8d07-8fb3ab96480e;;;;;
3325a187-5fcb-4d4e-bc42-617e95e11e6c;;;;;
332713d3-96ff-4807-8ea9-abc9e94d1d46;;;;;
332967d1-92bb-4c88-a51c-00e1bfeaa948;;;;;
333f1828-10b3-4380-a2a2-4246f57fdaf8;3;;;;
33544dd8-ba5b-49fd-84c2-f1bd7085a8af;;;;;
3357b95d-f603-4f5a-b150-b833013d41f1;;;;;
335dd60a-1b45-4170-b6cf-b4c8017b5c9e;;;;;
3360bb83-99eb-494a-af1b-a60e4c2e0f67;;;;;
337d285e-bcb4-460d-8d18-f48ad5471af0;5;;;;
3381bbcb-6488-411a-996b-ea23ab356748;;;;;
33a242f4-7e51-4566-955f-a3ac9702d2a2;;;;;
33ac9eb3-c04d-4e35-abc5-7835fa50da10;;;;;
33b4f018-43e3-415c-8987-da976958e307;;;;;
33b8fcd5-92e3-4b30-ab47-3d6e67987148;;;;;
33b9a7ee-cd38-4f1e-bfd1-b3e0565e7f15;5;;;;
33be06aa-84d2-411e-8555-b8cf20e57ebb;;;;;
33c24829-4eda-4d11-8b79-5a7fd6aca61b;5;;;;
33c75360-5863-4a2b-96fd-6a1fee43f2ea;;;;;
33cba365-f6b5-4108-992a-eae6d1f750b6;;;;;
33d10100-477e-45ac-8103-7ea2755016e8;5;;;;
33d7c0ff-c737-4296-bb05-2a8cfd958a9b;;;;;
33dee466-1400-4d5d-acf9-bab501bf5f21;5;;;;
33e11ed3-f106-426d-ab67-8a980fa22cf5;;;;;
33e28df6-5d2f-4c50-a5ae-2f2901e1b1be;5;;;;
33e440b5-3a77-41f7-9f3b-661a31445812;5;;;;
33e4e5c3-17b9-4150-b11d-af70481a62f8;5;;;;
33ed2e68-232e-4e3a-829b-6296fcccad65;;;;;
33f53f3a-3de6-4448-a960-79b5a7bf0963;;;;;
33f900ae-c570-4631-b7b8-5f214412c231;;;;;
33fab802-dbd7-4bc7-938d-3b4c616bb197;;;;;
33ffbd20-6821-4cef-a27d-6ec5d49d5195;5;;;;
33ffd60f-3619-47c1-9a12-8aa22644ef21;;;;;
34056dc4-9619-4854-abd4-b3b29715f0b7;5;;;;
340cb779-1276-4aa9-a876-28ba528bb585;5;;;;
341967eb-9c63-4442-bd3a-2132927b8825;;;;;
34197680-a2f8-4d04-a7b2-8bac5301e29d;5;;;;
341a05e0-e3c5-4029-9fae-72f9d53e8f55;;;;;
3420f68b-2d80-4cfd-83e7-82a849b806a4;;;;;
34215abd-9fc4-44b3-89fc-506030ead6da;;;;;
342c162c-f121-48ef-a9e2-381a44cdec4e;;;;;
34323ec9-bccd-4db7-8a74-cb0a21a9fcb2;5;;;;
343277bd-09d8-4e4d-a021-8cef5aa601f0;5;;;;
34375f08-a3ac-4a43-a483-1276c5a74e12;5;;;;
344226c8-18ee-4367-9de0-0eb83e9a9e42;5;;;;
3443119e-7b12-4ccd-b6d7-5e1e7ca656db;;;;;
344375e9-a1f6-42d2-bd11-e68fb0415cc1;;;;;
344385cf-305f-48c4-b592-d29a4f78b0e4;;;;;
34481910-0f44-40e9-90e1-011265fa4a4b;;;;;
3458ed11-2036-43ff-8c62-eaff903df828;;;;;
346509fe-34b4-4219-b109-70898a8a35d3;;;;;
34653f38-191a-424d-968b-5190f10149fc;;;;;
3469b4a0-2d22-481d-b29b-7e39194d16f9;5;;;;
346ab15a-6056-48a4-ab6b-94809328af87;4;;;;
346ded1d-0615-4e83-8f5c-ca3339d329b0;;;;;
34723b35-ec5f-48c4-a16a-942ee3ec5e34;5;;;;
347f986d-4b81-4214-b5da-006a01519487;;;;;
348c0eea-1d25-4aec-9bcf-d80a3f08f35b;5;;;;
348c6d64-d113-4e1a-95fb-fb1f53b3292a;;;;;
349179a5-5369-4285-b9d2-69125bf44063;;;;;
34959f42-55ca-4286-885b-74ca037a4818;;;;;
349da0e1-555a-496f-9723-14f85da5ff7d;4;;;;
34a41f58-91aa-4a32-972f-c18d96dfa16d;;;;;
34b50093-0564-4f29-842b-b4ed341a8181;;;;;
34c3759c-6907-4fb3-9f94-f2b1485d5f9b;;;;;
34c982ea-7421-4cb9-93d9-88199e227144;5;;;;
34d5efa8-3651-48e8-a2c9-bd8620278d6e;;;;;
34d69067-24a0-4a3a-999b-b895825031a8;;;;;
34e15f52-44d1-4e24-87a1-ceb4990b8d28;5;;;;
34e3e04c-6dfa-4740-b99b-92c80a6c8cbb;;;;;
34edd371-6359-4d28-a07e-d453cd31375b;;;;;
34ee992f-d956-4b46-b97f-72befcfe9201;;;;;
34efd482-efdd-492f-ae61-70f5bce66b7e;5;;;;
34fc1299-e0ea-4aaf-a46d-7513af7ab36d;5;;;;
35064269-9691-471c-80b0-b1264faa829b;;;;;
3509252f-06d7-4a7f-845f-caefcc902767;;;;;
350aff16-ef74-4282-9e43-3b730e124af8;;;;;
350c1099-850a-4aa4-8fa2-5782c104f0d1;1;;;;
351ba2a8-cccb-4043-9fc8-0d3a4c85ecca;5;;;;
351e1d49-b70c-44f6-9f9c-9a60b5d7ec59;;;;;
351f805d-badc-456e-8866-ec71ea5773d3;;;;;
352260a2-dfd5-4a6a-b60b-fa7841b6b3f1;;;;;
352b5852-2e6e-4cf5-badd-78fec2d1095f;5;;;;
35316fb2-9904-4b25-a33d-f2818dd1a5c9;;;;;
353bb6e0-ab9f-4460-ad0a-e97753cc5dbd;;;;;
35447cb8-29e6-4b8b-8bd0-1482c9b8e75a;;;;;
3544870f-c5bf-4649-bb12-6bb77f786161;;;;;
35466915-6c55-4497-8ddd-b61133d50b36;5;;;;
3546eb78-c650-468b-b475-ffbfb9633611;;;;;
354b2c29-165d-49e5-932e-419b1df098a9;;;;;
355119a3-6f49-4cc0-b81f-b0ae647c715c;;;;;
35539ebd-b08a-480a-a417-8f8190d0ca73;4;;;;
3564d6b0-763e-4772-aff4-9846c1165c17;;;;;
356be82d-090a-45f1-93b8-b59f6aede0be;5;;;;
356ff435-9899-4d0f-8449-677caad5e7e5;;;;;
357b1138-57fb-4cad-a1cd-a39020363d07;;;;;
357bd693-0301-44fa-bea3-ebf1969fa45e;;;;;
3583e2ec-c67c-44eb-9c99-368def7b55c0;5;;;;
35904653-f5d9-49b4-8493-771e18526ccf;;;;;
3599547f-6438-46b6-9767-2eab6c416fac;5;;;;
359bc74c-7de5-4e04-b3b1-2de8bf52b234;;;;;
359df7e7-e40e-4126-817e-2328e0d8ea00;;;;;
359e5e55-512f-4a1d-bc7e-dd74f411ff51;5;;;;
35a4476f-63a3-4ae7-b017-137d460da706;;;;;
35a85f5c-5caf-4a0e-9ebe-7c40bd742709;;;;;
35afb774-e640-484e-86f5-0dce93a698b2;;;;;
35c131d3-40a5-441a-8a3f-d8b637e4c485;;;;;
35c1650e-eaa5-4c62-a9f3-ae5d653f5a66;;;;;
35e218e4-d7e2-4df6-9983-b8cb76236be8;;;;;
35e65936-35cc-4338-aaf5-ff7d91dda460;5;;;;
35ecab2c-0d4f-4956-afcd-30fbb5a8c25f;4;;;;
35ef483d-5d36-4a2b-a777-51a5d349fc0d;;;;;
35f2b2b2-ac1f-4569-9340-7fb73503b20f;;;;;
35f5f73e-da18-43c5-bd8f-f8e1f123cf1d;;;;;
35f6f97f-06f7-41b4-a601-3d9cb811033f;;;;;
35fcc5bf-0155-4a26-b2af-7ff070a5497a;5;;;;
36005dca-f202-4238-851a-a8053826d965;;;;;
3602891b-a263-4479-9ae7-68cb3c049a9a;5;;;;
3605f661-b676-4035-9ce5-a1cbfda823df;5;;;;
3608d575-5c91-44ca-8190-8813153c2fc4;;;;;
360d6328-9213-4660-a049-4a2dcfcd341a;;;;;
360ee8ed-3376-4ff4-b2f2-1a8671c702aa;5;;;;
361143c9-46e8-4209-a7cb-eeb2628bbf8a;;;;;
3613f4e7-b465-4078-8123-2b250469b016;5;;;;
361c70c1-23e0-4611-a79e-0b7e92718b74;;;;;
3621c04a-fa89-426a-b2aa-2d43e278e0d9;;;;;
3623adcb-ac08-4ce2-9684-bb915b8c4691;;;;;
362789ec-514a-4f55-806f-cd63ca703551;;;;;
362a9c18-69c0-4f57-a20d-1c3866fff18c;5;;;;
3630b8e9-7035-4e67-91e8-0de02b43fbb6;;;;;
363d36f1-f0b9-4332-a328-ffb1c4aab650;;;;;
3643fbf1-d1e0-407f-8302-a0b2790f75c8;;;;;
364b1656-efdc-4a90-b42b-8b0644b51ad3;;;;;
364d9768-77ec-43d0-b6d6-4f0eb1ffe177;;;;;
364ef10e-0217-4185-be89-9f64b868120a;5;;;;
365de8b0-af80-4443-8aea-7f1cb6491f59;5;;;;
3663be45-47d9-4049-83aa-c85c5b3c27fd;5;;;;
366725bf-03db-42d5-90e8-8711fa32e929;;;;;
36763269-a528-488b-952a-92bd875c88f2;;;;;
36767dff-da41-4e4c-872f-b364650ffdca;;;;;
3685d3a5-3e4e-453d-bc1a-1afa5ef53a4c;5;;;;
368f2780-39da-4d5b-ad34-a1ee5929d2fd;;;;;
36919d7c-5a88-4d13-82a5-5034484d4521;5;;;;
36a4f22d-cc67-4f93-8fec-4f1983c3b7c6;;;;;
36a52811-b5ae-492c-ae9c-12d00f9e1f03;;;;;
36a651ee-cd6d-49cf-a849-7eb661e3d8a2;;;;;
36ab4172-9f53-4935-8119-cba305529d5d;;;;;
36b8f106-f263-451f-92da-c7f0d2b9dd91;;;;;
36bab9c3-12be-4916-a949-c45a70c93840;;;;;
36be70fa-2e9a-4262-bf45-d6c6a3abc1c7;;;;;
36c27617-35e4-4dae-b79e-9c8317756d8f;;;;;
36cce93f-8fcb-4f3e-b541-d0d411fa4745;;;;;
36ce6cea-9976-4041-9ee1-055f24e6e534;5;;;;
36d33b90-5856-4205-966d-ec5d597e293a;;;;;
36d4b11c-0773-4be1-bcc9-0351e4d0a1e1;;;;;
36dbe7ca-aca6-4744-af4c-44dce0076a9c;;;;;
36e3c824-a206-48fe-bfa6-497dda626bcf;;;;;
36e76f2c-ff72-45eb-becb-23fa94855b79;;;;;
36e7d439-5b15-431a-a60b-6c46ef464c75;;;;;
36ee031b-3372-4758-9be0-c1929594aedf;5;;;;
36f47631-7047-498f-badf-7f10de16003b;;;;;
36fa5097-6e10-4bc8-9075-83e6c41a9f33;;;;;
36fb5401-96f8-43d0-9ac6-91bb3b868f22;;;;;
3700caa8-5fab-40a5-a612-28d00073f080;;;;;
37035d72-64cd-4d12-a357-bdbc40bba4e4;;;;;
3705d040-7d8e-4fa8-82fd-5cd1b599a975;5;;;;
3710eaa4-2e7b-457d-adc5-0f69f3a092d0;5;;;;
3711ab25-5c23-413e-8e75-f31dd0e78597;5;;;;
371b3adf-6100-4762-b761-804eb3a2a8d8;;;;;
371c9de5-9985-4998-89f4-e30abb766280;;;;;
371e1fb4-8321-4db3-949e-aca4868a6ad3;;;;;
372230ce-aec7-47eb-bc45-a46a6df7b2a5;;;;;
3726720c-1af2-4a0d-8f74-8f2d5e48b86b;;;;;
372a7c69-547a-47a7-99ca-db2ba823b491;;;;;
3731fb18-5b0d-4cf9-978e-4614a90e3bf9;;;;;
373412c2-afa5-40fe-8ce7-f022417bb202;;;;;
3745ec53-a13d-43c1-917d-af30799cf1af;;;;;
3747f0e1-7d53-4783-9cc9-d23c3b85ef16;4;;;;
374d3780-47b9-4b0a-bcec-08c6137872bd;5;;;;
374e8b48-3f9b-4243-a488-8ca12affb79d;;;;;
3751e12c-1a07-48ce-b9ee-9c2fadcbb475;;;;;
3752e7ca-0a71-408e-a44a-3c6f3c124492;4;;;;
3757ade5-cd4d-485a-9365-fb5d20089c1a;;;;;
3759110b-6489-4ac2-849e-f06f14c0ef12;;;;;
37636814-ca05-425e-839f-e4dcb60addf3;5;;;;
3763cf5e-64d7-4d10-8586-1b0a9427c0d0;;;;;
37663a80-8ccd-4d5c-82dc-96202ff85d89;;;;;
37668600-6e2f-4d3a-953e-30752b01f29c;;;;;
37719446-5210-4590-af07-654145fceb7a;;;;;
377d9978-2bc1-47d1-935a-4154b264a6fb;;;;;
378b9381-9720-4b40-b1a6-033f26342f56;5;;;;
3792e7da-78bd-4016-989e-5702833a3ab0;5;;;;
379ada07-a8b7-4992-8248-9c946e6ff8c1;;;;;
379c2367-f5e3-40ac-87c4-25eb6e61f199;;;;;
37a69e78-c96d-444b-ac99-7def9a331193;;;;;
37a7f4bf-8f26-477f-bcfe-407f17bfc4e7;;;;;
37b191e8-5c98-42df-ad98-e769d3eeeee0;;;;;
37b7be1c-0cbb-4a83-b27f-fd1cda7dd11a;;;;;
37c34459-4e15-43a9-b7f5-2e70d7f1c053;5;;;;
37c74cb2-fd1b-45d6-b7dd-819420688218;;;;;
37cf4716-ee86-4a5b-bfd4-74bec26e78a4;5;;;;
37cfe676-6d48-48ed-b64e-d366ac45cb31;;;;;
37d788bb-a3d9-4ba0-95e1-810ef3453592;;;;;
37ee80b9-f69d-4480-ab0c-5373ec4f3eb4;;;;;
37f246f6-4fc5-4a03-be1a-0456bfe62267;5;;;;
38013490-cfe7-4941-9eb1-a7b96314b005;;;;;
381c7dfc-b842-4e6a-abcf-6517de675c7a;;;;;
381ef4fb-e2e6-40c9-9302-c4c78eb586ce;;;;;
38203fa6-df08-44de-a654-5b6fd1a616a6;5;;;;
38219ad2-33c5-480e-8c5e-6251046d1c4d;;;;;
3822bb40-ef48-40cc-a7c8-8c7211ca98b1;5;;;;
3826508f-d481-407c-80af-1454783a941c;;;;;
383254a9-07b4-48d4-9473-694487726d53;;;;;
383a9f5c-7ecf-482f-9201-4875aa0f8fdc;;;;;
38450eab-3837-4d2a-8d49-763d1f4e6226;;;;;
3847410a-66c2-48de-bed0-b502cbf2b2fc;;;;;
38501024-f2b7-4e55-9df7-58066c34d43e;;;;;
385370dc-af8c-4e85-b349-aad79e637607;;;;;
3857c93a-a6e0-4414-80e2-bd5e7052e26b;;;;;
3861a1ff-a4ee-45df-aa8d-77e709fc3a7a;;;;;
387eac6e-e2d2-4f2d-9165-9a75bc3f76a3;;;;;
38840a79-eff9-45e2-a958-fa5d6b4e0b8b;5;;;;
38903cda-dbad-4478-93d9-008cf782f07e;5;;;;
38938f81-179e-485b-aa27-568b52872c6c;;;;;
3899e927-712f-47a7-a1fe-0b6615d2195d;;;;;
389c7a0e-7517-4adb-9bd7-1845424b7a9a;;;;;
38a1c53c-5aaf-43a6-a4cb-6c247f9ac018;;;;;
38a61eb9-dd51-4ec9-8ec9-6d79f1991b37;;;;;
38a65990-2947-4d89-bd72-b5a89e345110;;;;;
38a9220f-c429-466e-98ff-70cc24bea258;;;;;
38aaa197-733f-46ce-8c30-90ce522e9592;;;;;
38b0ef54-c39d-4357-b0f5-a4f63058ba4f;;;;;
38b4ea06-8d15-41f5-b182-743c3d2013dc;;;;;
38bcf18e-a495-4486-8fe3-a00e70c0ac51;;;;;
38c30b7b-d5b4-41b1-a458-a59b55d04809;5;;;;
38c4fad2-6b64-40b4-b529-e8eeb40e4dcf;;;;;
38d4a1aa-2dee-4387-ab3b-8bfb57833218;;;;;
38db1cc1-615c-4888-b761-496fb9f255c8;;;;;
38e2d1d8-9fef-40dc-ada1-d26c3959f2b6;;;;;
38e6cfac-76f1-4025-b46d-f800f63852c2;1;;;;
38e71773-88aa-4b64-a4f3-a89c457ab1c5;5;;;;
38f23bef-84db-4532-8591-6eed6f1ce0cc;;;;;
3905b3b5-ae57-4217-8252-3fc02fc5314b;;;;;
390b3337-20b2-45d1-ac33-0fd63fd2dc4f;;;;;
390f11a9-f7db-4be3-a4da-0d89fa99eca6;;;;;
3910f57c-2e97-46ff-b563-f141817f21ea;;;;;
39126ad5-2237-46d8-8a73-0c7b1af3b057;5;;;;
39153fd9-f4c5-4afe-b9a6-1bb4e1e6ad54;4;;;;
39302027-17c8-4ff6-8c9c-816484f90a61;;;;;
39394ecb-fa50-4995-8f4f-1ceac68c554b;5;;;;
393f864f-aba8-4e0f-a4f8-cebf4fbc5b09;;;;;
393ffe4a-ae2f-4e06-814c-93ecb1ff4958;;;;;
39473f7f-5e37-4eaa-be30-88279adc70eb;5;;;;
394c0a7a-5656-4bae-9192-1e858785ab6f;;;;;
394d6660-98bc-47cc-9726-0f6ab1905045;;;;;
3952dc57-a086-4ea9-890b-fc82e2570694;;;;;
39549edb-9749-445d-b138-ac66e8200cf8;5;;;;
395ddd7a-b35c-452d-b32e-6ee6af24a29d;;;;;
3962cf87-1974-44bf-a617-676edb1dfecb;;;;;
3962e381-c6e3-4e21-8534-26c3d299766f;5;;;;
3967aea3-6f06-4068-bdbc-16a34d268bd8;5;;;;
397d270e-9b27-4a25-8a03-562eade37ee8;;;;;
39812e21-90d2-4bc3-947c-662ab5f25c1f;;;;;
398390a7-0509-4ae6-9b29-7fbdb01d48b5;;;;;
39848fe9-fe2c-4dbc-8449-f1b74d58b458;;;;;
398a53a3-db2c-4da1-a216-cd7b323cef7c;;;;;
398def9e-d363-4b11-ae28-0384c9be6405;;;;;
399a89f0-2e2c-4f45-b77d-725eda04535a;;;;;
399f1a3b-7600-4fd1-979c-0773d9408c2b;;;;;
39abad61-deb8-456c-9323-8a397bab63be;;;;;
39b7be12-16d6-433f-aa4e-abb8d3af80b8;;;;;
39bb74ca-ed22-49b9-ad92-24141b5e589c;;;;;
39c7282e-7f6c-4510-807b-da2d6dc49aa9;5;;;;
39d011de-c65a-4c59-b079-94ccded867df;4;;;;
39e4abfb-32fa-4948-8fc9-697b3635706e;;;;;
39ee2b07-72fd-4838-9b6a-0b80d0c09af2;1;;;;
39fbd7dc-0b05-4e94-96dc-3682cef1a241;;;;;
3a107ce2-8b57-4e37-8e05-1d719d68e702;;;;;
3a124a7c-1662-4a1f-94dd-435a2a371417;;;;;
3a16de31-68cb-4b2d-877d-492f3a2c260b;;;;;
3a1dd4f7-f3a8-445a-b750-8f4fa9ffbf97;;;;;
3a25a973-aaaa-4845-8321-ce8a672d9d5c;5;;;;
3a26505d-9b03-4ddc-9a67-17bc5ae02113;;;;;
3a6c500e-a6ba-4ede-a8c8-1ab5759d8a17;5;;;;
3a70d5cf-b51f-4e02-a110-0b5ebd7a8166;;;;;
3a7f0830-b7dd-4f65-ae79-bc61d559cf9e;5;;;;
3a87a0e2-1f6a-437e-a34b-f6f8d3759f7a;;;;;
3a9caf56-9d5d-457b-b6f6-e536101822de;;;;;
3a9d3468-d485-4ae0-81c3-082928d3f90a;5;;;;
3aa5de5b-d2a6-4813-aad1-65db197f0e7f;;;;;
3aa60120-4c29-4ade-b501-85718ae00c4f;;;;;
3aa8a7c7-a9fe-4510-a6a1-3d82efbd2ffd;;;;;
3aad21d1-7d8f-43f4-b6db-47fa10a66e85;;;;;
3ab08c80-1ace-4a8d-b047-64c5f04f3b5b;5;;;;
3ab3a665-020f-45ac-8e64-327404c87401;;;;;
3ab3c052-de7e-49b4-979b-819f4d7d0096;;;;;
3ab5f879-d1fb-4818-b5a4-33d209f71c7f;;;;;
3ab69a52-e66f-49fc-b252-6a7332bd260c;;;;;
3ac205d1-8601-4e3e-b67b-9cd5b058923e;;;;;
3ac8a6de-af9d-4e78-9eec-6e3c4e2653e5;;;;;
3ac9463f-b929-4323-aa4e-5775282ecc63;;;;;
3ace2cde-7684-4f22-b434-e4fadce679f1;5;;;;
3ad35593-8ad2-4328-a943-351aad62f0f3;;;;;
3ae06669-d5a6-43f8-991c-b14e5a6be642;;;;;
3aee1475-310d-4f21-bd44-1299dd75fac9;5;;;;
3aee1b8f-9480-4737-95ff-e1fb8e821c43;5;;;;
3aef894e-f978-401a-b177-524d840f7634;;;;;
3b02eded-7a6e-4332-9de5-b2af847cd989;;;;;
3b03d9d8-1fde-49ac-83ef-63d1e58d54db;5;;;;
3b05e088-529d-447b-afa9-15319a960291;;;;;
3b0aea53-11eb-4831-b904-f9d64a352bc3;;;;;
3b16d87c-5dd8-4475-b483-bbe7af868a73;;;;;
3b1ff952-5df5-460b-b633-9b191a059058;5;;;;
3b25273a-173e-4f03-b032-ef26e0bae0af;;;;;
3b267a8c-6288-4c51-a0ef-9c10752770ff;5;;;;
3b28f588-090a-4ee8-8fcb-9a29866a870b;5;;;;
3b2ec814-1476-40a2-9d95-74bf4d4c9dea;5;;;;
3b2f749b-8ed3-411b-aadc-af5aa9b62532;;;;;
3b2f8b4e-d52b-4dfe-bb5a-068367c324a3;5;;;;
3b3291fe-2f3c-4332-b563-d28c4bc0bf69;;;;;
3b43139a-30ed-413e-a4a8-de4d4758bc38;;;;;
3b47a211-7f69-42d9-adba-6f0925e1351f;;;;;
3b48e4ae-3c7d-4b39-9754-e982aca5bbb2;;;;;
3b4c957d-9f35-4145-a008-8dba62ae1b43;;;;;
3b531f6a-51fb-456f-9c16-5149b35cae8b;;;;;
3b5aa4f0-8bca-4d73-8ebd-7680e5052955;;;;;
3b5fd314-0e3e-449d-904d-810bda87751e;5;;;;
3b602448-5959-4f27-9ac9-7ab5106288b3;5;;;;
3b7005e7-a0eb-4790-b71a-992d419fab6c;;;;;
3b7249a7-0eff-4f9a-ae60-72e38ba2dfc2;5;;;;
3b81b737-a530-4bae-b0da-7368dfe982fc;5;;;;
3b82ac0b-0b2d-4c33-8078-2787e5bc58bd;;;;;
3bacc87c-e9b6-4be1-b76d-a13328440306;5;;;;
3bb15325-5c23-4441-a933-305313b7c0c6;5;;;;
3bb96dda-f727-4431-b954-b2aad739218b;;;;;
3bccec2b-9a32-4458-ab73-340f1f9165cc;;;;;
3bd2dd69-1ffe-490e-8cbc-4b787054d1e5;;;;;
3bd34fb4-90b6-4fe6-ad74-27d3750d5966;;;;;
3bd86676-57fe-4906-a6c7-8ca152f39f9f;;;;;
3be10a49-521d-465e-b9dc-b48681d3acef;;;;;
3be8c818-48ea-4aad-8894-a4fdbee3b4f9;5;;;;
3be96aed-d9d0-4f2b-992f-8e955d8349ec;;;;;
3bffdbbc-ee84-4452-a2e4-c237866db4fc;;;;;
3c0238ce-877b-471f-9af5-db2048fd964c;;;;;
3c090732-ea42-433b-821e-be127246bf0a;;;;;
3c0af3f9-aaed-4a33-9b6c-037361b15d89;;;;;
3c0b8b9a-f182-4697-9d14-4cccd0b6c1a4;;;;;
3c0baa8e-d992-4f8c-bc7e-a567072e9152;;;;;
3c185234-8a93-4768-bf75-8166fdb4364d;;;;;
3c27ead8-b5f0-43b8-b754-93ea4bfe15b5;;;;;
3c2cbcc3-ee3f-4d79-993a-a3d809f560f8;;;;;
3c2dc065-0ce1-4997-bfd5-6a73c76c1c28;5;;;;
3c3920b5-ee83-4aa2-87d3-cc20e8a09392;;;;;
3c3a06fe-681e-4172-a54b-1a81b3d2a91d;3;;;;
3c3c3fe7-dc54-4465-944d-e47e3204fc99;5;;;;
3c415c56-8976-407d-94fb-2a3be3eed2b3;;;;;
3c495148-b43b-415d-bd13-2d74d0092b12;5;;;;
3c4d13ff-0537-44b2-8c32-8360c7c492ce;;;;;
3c5c060d-3984-4493-8900-46f5ba18d70b;;;;;
3c5cfe3d-51cc-440f-bafe-280ae8386b1b;;;;;
3c7103a4-e1ff-4fba-a45b-269cf330917b;5;;;;
3c713be5-14c9-441a-a224-5c62907d6d2c;5;;;;
3c73348e-61d0-4992-b65e-d8a74c9ff7bc;;;;;
3c749455-aa6f-4fd0-99c8-1b6cae18e5bb;5;;;;
3c7608e6-4ea4-434b-8dc9-d7ea1846b9b8;5;;;;
3c850203-a8e1-44f4-940b-6104540bf0f8;;;;;
3c87f249-7ffc-46e7-a842-face68380d23;5;;;;
3c9dd454-4d90-48bc-8834-dcd0620b107b;5;;;;
3c9ff048-d073-47a0-bf0a-14b51f85ebb8;5;;;;
3ca2e6c8-d383-4ecd-adad-5b24dad1b614;;;;;
3ca714af-5f20-4f5d-beb4-8e5315ac1d1d;;;;;
3ca87c20-eeb8-48ba-93f9-0c095ad6c6ee;;;;;
3cb41dba-fe82-44e7-98d2-1921f678abd1;5;;;;
3cb5266f-f818-438b-a3c9-a0f646abceaa;5;;;;
3cb91174-6320-4e02-9dd9-bd90edfa9df2;5;;;;
3cb9b0e8-880c-4a7e-ba94-466147e478dc;;;;;
3cc00509-e506-4e17-88c6-710070f96bdd;;;;;
3cc07307-6b2c-4fbd-91fc-44c512449992;;;;;
3cc2456a-a0de-4f7c-bc21-09ff2d3be077;5;;;;
3cc88aa4-6b2a-4a8c-b3d4-231872be2690;1;;;;
3ccc9956-802c-40e1-96e8-17a553fe5022;;;;;
3ccfb7c6-8008-4484-9e90-d2c150e45e8e;;;;;
3ce67ace-ca4f-45dd-b70d-0f4cfe327bab;;;;;
3cf34849-b444-44bf-bbb1-a922cdd5a1d4;;;;;
3cf42758-7e6a-4695-96af-8471b0df0aeb;;;;;
3cf747a6-569b-461a-bcb7-bb2753849773;;;;;
3cfd863f-3fc6-4ed6-80ff-ca8e51e33d1d;5;;;;
3d04d9f2-e5b1-40bb-976f-2144ae48bc71;;;;;
3d0d23b1-f507-435d-bfa0-cf07bca1cb94;;;;;
3d0e888b-1542-4270-91ca-72ccde264bbe;;;;;
3d0feae3-59ca-4954-9b73-f2c33552ed01;;;;;
3d1155de-692f-48ea-9245-6b060d6b43df;5;;;;
3d163ac5-a2b1-43b5-b2ed-ebf6b147682a;5;;;;
3d1b9709-2a04-4224-845e-3c8c960ec5d4;5;;;;
3d205e33-5607-4186-bc15-58ad82c4221b;;;;;
3d206da9-4c68-401f-9180-1a46063d5336;;;;;
3d2e24de-82e0-43de-95a9-e7d1be724472;5;;;;
3d343338-e798-4dba-a4ca-69868134bc63;;;;;
3d3657c6-2bc8-45b0-8d46-a6cdfd1bae88;5;;;;
3d395c8b-eda8-4e4b-b77a-c7d0873d2445;5;;;;
3d3d5578-7879-487f-bb1d-57affbd7492b;;;;;
3d3d6d21-eae2-4c55-b26c-c052fca1534d;5;;;;
3d3f16a3-8609-4be7-a713-e36696bb51c5;;;;;
3d41c5f5-46b9-40fa-9ded-9f785e1e6cfc;;;;;
3d4bbc3b-d59c-40bb-8b30-c5c337229fc9;;;;;
3d535f80-88b9-4995-9553-e42ca141d9b2;;;;;
3d56e30d-6f05-43fb-ba80-85c0c23337b0;5;;;;
3d581fb8-c7f6-4f6b-9006-7ffc1abf8c9e;4;;;;
3d589b2d-7047-4e11-a5a5-ea30a769aec1;;;;;
3d5e01fc-d84f-4d0b-a1c3-7d58d4431499;;;;;
3d60c22d-fce9-482e-8793-75d52235dc83;;;;;
3d60ccfb-9af1-470a-8157-bc4ea349df4d;;;;;
3d686f8a-b7b8-452d-af5d-fee58a6fb639;;;;;
3d6cc7f4-6069-41aa-8c03-b1baf02e3f66;;;;;
3d7bc05a-08fb-49f3-a143-324f933c1559;;;;;
3d8a6c4d-fc8f-43ca-9164-c0c9da84fd24;;;;;
3d92ecda-f62d-4ef8-9627-ac3cfb557335;;;;;
3d973661-c6e6-4e15-b3f5-29c3556e3a37;;;;;
3da88952-9853-4fa8-95e1-22401d15107f;;;;;
3da9876a-ffba-465b-8c1d-ee65b21ebf7a;;;;;
3dac3959-f51d-4ae0-a10e-ca875c5f001b;5;;;;
3daffada-26ea-4adf-97ae-f8282155cd6c;;;;;
3dc48eff-86ec-43fc-a85d-24f97ca84e64;;;;;
3ddf5de0-2268-43ff-9aac-75c95bbf802e;;;;;
3ded3a0f-0bec-4367-8c15-0376404c01b9;;;;;
3dfa90e9-b978-4d9e-b11c-4b35766d9a52;;;;;
3dfec752-5686-409b-b033-d108f908df66;5;;;;
3e0230ea-a9d8-4a57-a2aa-993753943927;;;;;
3e0279b6-149d-44d9-885b-1c189f0e1bca;;;;;
3e038201-913f-41eb-a928-d175de5308e0;;;;;
3e1d057f-569e-4585-b3c3-63d241111485;5;;;;
3e27e425-4fde-4481-8bc8-10905a982b3c;5;;;;
3e3894d9-526c-40d4-83c4-54e3b563a9d8;5;;;;
3e396582-9487-402e-a6e0-2c0318ed03a8;;;;;
3e3f52c5-6d2a-4b21-82a3-2817d0234508;;;;;
3e4a51a5-56ca-4df9-95a0-4065c18e4a1b;;;;;
3e53302b-2b9a-4fd6-9274-50f0310d5ba8;5;;;;
3e5fb3cb-104c-472c-87af-a10d41269149;5;;;;
3e68bee0-4a54-4432-a5a8-7bcf042b5ec3;5;;;;
3e7316c8-8897-479f-b7b2-fe48f3402ed4;;;;;
3e77e107-e360-428d-8277-90f03136e0c3;5;;;;
3e7ee65e-99f1-4fe8-9de8-527c7335375f;;;;;
3e869b6b-e633-4556-9e98-73034d1fa7ab;;;;;
3e89e022-3279-48a7-95e6-082af7f6ab85;4;;;;
3e8d00f5-f6e8-4bf0-9f22-cc3cc9d6a6ac;;;;;
3e8f0dcf-4e95-4149-ac7a-27b71deab2cf;5;;;;
3e8f913b-18b2-4984-93a4-b520994ba9da;5;;;;
3e944c94-7036-4136-beee-aff9819ded67;5;;;;
3e9e2c9b-c1e9-4712-a8e5-1112a7b0ef4c;5;;;;
3ea687d1-5534-4e70-86be-329a55d581e1;5;;;;
3ea6ace7-613f-45f3-857c-34de91b7ee22;;;;;
3eac51dc-ef2d-45d5-973a-47c70718e271;;;;;
3eb116f2-748b-46f6-8426-079aa7f46ed0;;;;;
3eba717c-12c6-43a5-a9a9-185ab1181bb4;;;;;
3eba8fdc-74f9-4c75-8c18-6a942e6c26c1;;;;;
3eccb060-feeb-4949-858c-f017f450171f;;;;;
3ecfb5be-932b-4ce6-9586-81b0d515c450;4;;;;
3ed78700-bce1-4be5-be1a-87e5375e24fe;;;;;
3ef17d99-168d-4b36-8dad-ebd90f93e927;;;;;
3ef68646-f351-4436-afe6-8abf52629ec0;;;;;
3ef88282-ac03-4e3a-8387-ad953d3273ea;5;;;;
3ef995ca-3358-4c27-ad14-538807c579d1;;;;;
3efa5415-7002-4771-ad48-1f2496335698;;;;;
3f01d1cd-e26e-4cbe-8277-f94a7b24e1af;;;;;
3f01e346-893e-4878-98d1-05ecc5f912e5;;;;;
3f05cae7-0ea9-4815-9fe2-c7e606ed98ae;5;;;;
3f064655-b4e9-4a6f-99a5-caed86f30950;;;;;
3f086356-5308-42b7-a3f7-cdc327e92ca6;5;;;;
3f0afc61-6903-4b50-8fec-9135cc0a9787;;;;;
3f16a43f-fb22-41e9-a4c5-bca42822b59d;;;;;
3f1954bd-dada-42b4-969e-9e9f01a639a9;;;;;
3f197860-e551-4b93-a044-e8318d387242;;;;;
3f1f1f9b-e1bb-409c-8ef5-22a9b2adf204;;;;;
3f27f20d-2bac-4828-a914-796482d141fe;;;;;
3f327a25-e87d-4c61-9327-9aa9f35a6ce7;4;;;;
3f333e1f-67b5-48db-9112-1fd036f952c8;;;;;
3f363ffb-ce63-439c-a3dd-0458f25476b7;;;;;
3f41cbb4-3d15-4134-8eac-97506e2cf340;;;;;
3f59dd32-bd7c-47ed-a8ac-59af63a43a66;5;;;;
3f59dd32-bd7c-47ed-a8ac-59af63a43a66;5;;;;
